Labelling,Description,Monoisotopic Mass Change
1,the hydrolysis of epoxide,18.010565
2,formation of GSH adduct from epoxide,307.083806
3,formation of Sulfate conjugate from epoxide,97.967379
4, glycine conjugation,57.0215
5, sulfate conjugation,79.9568
6, hydroxylation and sulfation,95.9517
7, cysteine conjugation,103.0092
8, taurine conjugation,107.0041
9, S-cysteine conjugation,119.0041
10, decarboxylation and glucuronidation,148.0372
11, N-acetylcysteine conjugation,161.0147
12, glucuronide conjugation,176.0321
13, 2 x sulfate conjugation,191.9035
14, hydroxylation + glucuronide,192.027003
15, GSH conjugation,289.0732
16, desaturation + S-GSH conjugation,303.0525
17, S-GSH conjugation,305.0682
18, epoxidation + S-GSH conjugation,321.0631
19, 2 x glucuronide conjugation,352.0642
